{
  "additions": {
    "trilinear": 9188,
    "tricubic": 9103,
    "nearest_neighbour": 11595
  },
  "deletions": {
    "trilinear": 7493,
    "tricubic": 8532,
    "nearest_neighbour": 11595
  },
  "total_changes": {
    "trilinear": 16681,
    "tricubic": 17635,
    "nearest_neighbour": 23190
  },
  "percent_change": {
    "trilinear": {
      "mean": -0.06299434953245188,
      "std": 0.07019962897597562
    },
    "tricubic": {
      "mean": 0.008526695027294234,
      "std": 0.02849224457220062
    },
    "nearest_neighbour": {
      "mean": 0.0,
      "std": 0.0
    }
  },
  "count_inputs": 4
}