{
  "additions": {
    "nearest_neighbour": 11595,
    "tricubic": 9103,
    "trilinear": 9188
  },
  "deletions": {
    "nearest_neighbour": 11595,
    "tricubic": 8532,
    "trilinear": 7493
  },
  "count_changes": {
    "nearest_neighbour": 23190,
    "tricubic": 17635,
    "trilinear": 16681
  },
  "count_inputs": 12,
  "percent_change": {
    "nearest_neighbour": {
      "mean": 0.0,
      "std": 0.0
    },
    "tricubic": {
      "mean": 0.009894570927193836,
      "std": 0.033283581606611004
    },
    "trilinear": {
      "mean": -0.06340941159604008,
      "std": 0.08035203368731451
    }
  }
}