{
  "additions": {
    "nearest_neighbour": 11595,
    "tricubic": 9103,
    "trilinear": 9188
  },
  "deletions": {
    "nearest_neighbour": 11595,
    "tricubic": 9191,
    "trilinear": 8457
  },
  "count_changes": {
    "nearest_neighbour": 23190,
    "tricubic": 18294,
    "trilinear": 17645
  },
  "count_inputs": 12,
  "percent_change": {
    "nearest_neighbour": {
      "mean": 0.0,
      "std": 0.0
    },
    "tricubic": {
      "mean": -0.05326092621086121,
      "std": 0.04686880839736774
    },
    "trilinear": {
      "mean": -0.1885450327653367,
      "std": 0.18919223383546005
    }
  }
}